1790596401	3426883	59056	59032
1790596403	3426883	559324	559312
1790596405	3426883	801316	799892
1790596407	3426883	1222688	1221508
1790596409	3426883	1693920	2059760
1790596411	3426883	1693920	2059760
1790596413	3426883	1693920	2059760
1790596415	3426883	1788324	2059760
1790596417	3426883	1801128	2059760
1790596419	3426883	1817880	2059760
1790596421	3426883	1834768	2059760
1790596424	3426883	1843860	2059760
1790596426	3426883	1851656	2059760
1790596428	3426883	1860224	2059760
1790596430	3426883	1861660	2059760
1790596432	3426883	1863296	2059760
1790596434	3426883	1868804	2059760
1790596436	3426883	1868876	2059760
1790596438	3426883	1868956	2059760
1790596440	3426883	1869008	2059760
1790596442	3426883	1459408	2059760
1790596444	3426883	1459408	2059760
1790596450	3427336	553888	553888
1790596452	3427336	734352	734324
1790596454	3427336	1083976	1083976
1790596456	3427336	1783152	2059348
1790596458	3427336	1796168	2059348
1790596460	3427336	1811432	2059348
1790596462	3427336	1811536	2059348
1790596464	3427336	1811568	2059348
1790596466	3427336	1811732	2059348
1790596468	3427336	1444968	2059348
1790596470	3427336	1402452	2059348
